{
  "_input": {
    "min": -2.429065704345703,
    "max": 2.7537312507629395,
    "scale": 0.021682923234353856,
    "signed": true
  },
  "bn1": {
    "min": -2.169321298599243,
    "max": 2.3645479679107666,
    "scale": 0.018618487936305248,
    "signed": true
  },
  "layer1.0.bn1": {
    "min": -1.0813087224960327,
    "max": 1.298893928527832,
    "scale": 0.010227511248250646,
    "signed": true
  },
  "layer1.0.bn2": {
    "min": -2.3170580863952637,
    "max": 1.325446367263794,
    "scale": 0.018244551861380028,
    "signed": true
  },
  "layer1.1.bn1": {
    "min": -1.8243414163589478,
    "max": 1.5405174493789673,
    "scale": 0.01436489304219644,
    "signed": true
  },
  "layer1.1.bn2": {
    "min": -1.3036316633224487,
    "max": 1.0276803970336914,
    "scale": 0.010264816246633455,
    "signed": true
  },
  "layer2.0.bn1": {
    "min": -0.9592482447624207,
    "max": 1.5241165161132812,
    "scale": 0.012000917449710876,
    "signed": true
  },
  "layer2.0.bn2": {
    "min": -1.1989095211029053,
    "max": 1.2585862874984741,
    "scale": 0.00991012824801948,
    "signed": true
  },
  "layer2.0.shortcut.1": {
    "min": -1.4797773361206055,
    "max": 2.756035804748535,
    "scale": 0.021701069328728624,
    "signed": true
  },
  "layer2.1.bn1": {
    "min": -1.121657371520996,
    "max": 1.3733665943145752,
    "scale": 0.010813910191453347,
    "signed": true
  },
  "layer2.1.bn2": {
    "min": -0.9327301383018494,
    "max": 2.2253575325012207,
    "scale": 0.017522500255915122,
    "signed": true
  },
  "layer3.0.bn1": {
    "min": -0.8421924114227295,
    "max": 1.220916748046875,
    "scale": 0.009613517701156496,
    "signed": true
  },
  "layer3.0.bn2": {
    "min": -0.7938075661659241,
    "max": 1.200057029724121,
    "scale": 0.00944926795058363,
    "signed": true
  },
  "layer3.0.shortcut.1": {
    "min": -0.4841735064983368,
    "max": 0.7630483508110046,
    "scale": 0.0060082547307953125,
    "signed": true
  },
  "layer3.1.bn1": {
    "min": -0.8765771985054016,
    "max": 0.9105104207992554,
    "scale": 0.007169373392120121,
    "signed": true
  },
  "layer3.1.bn2": {
    "min": -0.9423401355743408,
    "max": 1.489969253540039,
    "scale": 0.011732041366457,
    "signed": true
  },
  "layer4.0.bn1": {
    "min": -0.8340500593185425,
    "max": 1.5489319562911987,
    "scale": 0.012196314616466131,
    "signed": true
  },
  "layer4.0.bn2": {
    "min": -1.1296734809875488,
    "max": 2.3248465061187744,
    "scale": 0.018305878000935232,
    "signed": true
  },
  "layer4.0.shortcut.1": {
    "min": -1.502587080001831,
    "max": 1.9482935667037964,
    "scale": 0.015340894226014144,
    "signed": true
  },
  "layer4.1.bn1": {
    "min": -1.5716526508331299,
    "max": 1.9590882062911987,
    "scale": 0.015425891388119676,
    "signed": true
  },
  "layer4.1.bn2": {
    "min": -3.316439628601074,
    "max": 8.053385734558105,
    "scale": 0.06341248609888273,
    "signed": true
  }
}